{
	"credit": "Made with Blockbench",
	"textures": {
		"1": "item/handle",
		"3": "item/wooden_shovel",
		"particle": "item/wooden_shovel"
	},
	"elements": [
		{
			"from": [7.375, -1.575, 7.05],
			"to": [8.125, -0.325, 8],
			"rotation": {"angle": 0, "axis": "y", "origin": [-0.125, -4.25, 0.125]},
			"faces": {
				"north": {"uv": [8, 12.75, 7.25, 14], "texture": "#3"},
				"east": {"uv": [8.5, 12.75, 9.75, 14], "texture": "#3"},
				"south": {"uv": [7.25, 12.75, 8, 14], "texture": "#3"},
				"west": {"uv": [5.5, 12.75, 6.75, 14], "texture": "#3"},
				"up": {"uv": [7.25, 12.75, 8, 13], "texture": "#3"},
				"down": {"uv": [8, 13.75, 7.25, 14], "rotation": 180, "texture": "#3"}
			}
		},
		{
			"from": [7.125, -1.575, 7.25],
			"to": [7.375, -0.325, 7.8],
			"rotation": {"angle": 0, "axis": "y", "origin": [-0.875, -4.25, 0.125]},
			"faces": {
				"north": {"uv": [7, 12.75, 7.25, 14], "texture": "#3"},
				"east": {"uv": [8.75, 12.75, 9.5, 14], "texture": "#3"},
				"south": {"uv": [7, 12.75, 7.25, 14], "texture": "#3"},
				"west": {"uv": [5.75, 12.75, 6.5, 14], "texture": "#3"},
				"up": {"uv": [7, 12.75, 7.25, 13], "texture": "#3"},
				"down": {"uv": [7.25, 13.75, 7, 14], "rotation": 180, "texture": "#3"}
			}
		},
		{
			"from": [8.125, -1.575, 7.25],
			"to": [8.375, -0.325, 7.8],
			"rotation": {"angle": 0, "axis": "y", "origin": [0.125, -4.25, 0.125]},
			"faces": {
				"north": {"uv": [8, 12.75, 8.25, 14], "texture": "#3"},
				"east": {"uv": [8.75, 12.75, 9.5, 14], "texture": "#3"},
				"south": {"uv": [8, 12.75, 8.25, 14], "texture": "#3"},
				"west": {"uv": [5.75, 12.75, 6.5, 14], "texture": "#3"},
				"up": {"uv": [8, 12.75, 8.25, 13], "texture": "#3"},
				"down": {"uv": [8.25, 13.75, 8, 14], "rotation": 180, "texture": "#3"}
			}
		},
		{
			"from": [5.35, 11.675, 6.95],
			"to": [5.6, 13.925, 7.2],
			"rotation": {"angle": 22.5, "axis": "y", "origin": [7.725, 12.925, 7.075]},
			"faces": {
				"north": {"uv": [5.5, 3.25, 5.25, 5.5], "texture": "#3"},
				"east": {"uv": [5.25, 3.25, 5.5, 5.5], "texture": "#3"},
				"south": {"uv": [5.25, 3.25, 5.5, 5.5], "texture": "#3"},
				"west": {"uv": [5.25, 3.25, 5.5, 5.5], "texture": "#3"},
				"up": {"uv": [5.25, 3.25, 5.5, 3.5], "texture": "#3"},
				"down": {"uv": [5.5, 5.25, 5.25, 5.5], "rotation": 180, "texture": "#3"}
			}
		},
		{
			"from": [8.65, 11.675, 6.95],
			"to": [8.9, 16.675, 7.2],
			"rotation": {"angle": -22.5, "axis": "y", "origin": [7.775, 12.925, 7.075]},
			"faces": {
				"north": {"uv": [8.75, 0.5, 8.5, 5.5], "texture": "#3"},
				"east": {"uv": [8.5, 0.5, 8.75, 5.5], "texture": "#3"},
				"south": {"uv": [8.5, 0.5, 8.75, 5.5], "texture": "#3"},
				"west": {"uv": [8.5, 0.5, 8.75, 5.5], "texture": "#3"},
				"up": {"uv": [8.5, 0.5, 8.75, 0.75], "texture": "#3"},
				"down": {"uv": [8.75, 5.25, 8.5, 5.5], "rotation": 180, "texture": "#3"}
			}
		},
		{
			"from": [8.9, 11.675, 6.95],
			"to": [9.15, 16.425, 7.2],
			"rotation": {"angle": -22.5, "axis": "y", "origin": [7.775, 12.925, 7.075]},
			"faces": {
				"north": {"uv": [9, 0.75, 8.75, 5.5], "texture": "#3"},
				"east": {"uv": [8.75, 0.75, 9, 5.5], "texture": "#3"},
				"south": {"uv": [8.75, 0.75, 9, 5.5], "texture": "#3"},
				"west": {"uv": [8.75, 0.75, 9, 5.5], "texture": "#3"},
				"up": {"uv": [8.75, 0.75, 9, 1], "texture": "#3"},
				"down": {"uv": [9, 5.25, 8.75, 5.5], "rotation": 180, "texture": "#3"}
			}
		},
		{
			"from": [9.15, 11.675, 6.95],
			"to": [9.4, 16.175, 7.2],
			"rotation": {"angle": -22.5, "axis": "y", "origin": [7.775, 12.925, 7.075]},
			"faces": {
				"north": {"uv": [9.25, 1, 9, 5.5], "texture": "#3"},
				"east": {"uv": [9, 1, 9.25, 5.5], "texture": "#3"},
				"south": {"uv": [9, 1, 9.25, 5.5], "texture": "#3"},
				"west": {"uv": [9, 1, 9.25, 5.5], "texture": "#3"},
				"up": {"uv": [9, 1, 9.25, 1.25], "texture": "#3"},
				"down": {"uv": [9.25, 5.25, 9, 5.5], "rotation": 180, "texture": "#3"}
			}
		},
		{
			"from": [9.4, 11.675, 6.95],
			"to": [9.65, 15.675, 7.2],
			"rotation": {"angle": -22.5, "axis": "y", "origin": [7.775, 12.925, 7.075]},
			"faces": {
				"north": {"uv": [9.5, 1.5, 9.25, 5.5], "texture": "#3"},
				"east": {"uv": [9.25, 1.5, 9.5, 5.5], "texture": "#3"},
				"south": {"uv": [9.25, 1.5, 9.5, 5.5], "texture": "#3"},
				"west": {"uv": [9.25, 1.5, 9.5, 5.5], "texture": "#3"},
				"up": {"uv": [9.25, 1.5, 9.5, 1.75], "texture": "#3"},
				"down": {"uv": [9.5, 5.25, 9.25, 5.5], "rotation": 180, "texture": "#3"}
			}
		},
		{
			"from": [9.65, 11.675, 6.95],
			"to": [9.9, 14.925, 7.2],
			"rotation": {"angle": -22.5, "axis": "y", "origin": [7.775, 12.925, 7.075]},
			"faces": {
				"north": {"uv": [9.75, 2.25, 9.5, 5.5], "texture": "#3"},
				"east": {"uv": [9.5, 2.25, 9.75, 5.5], "texture": "#3"},
				"south": {"uv": [9.5, 2.25, 9.75, 5.5], "texture": "#3"},
				"west": {"uv": [9.5, 2.25, 9.75, 5.5], "texture": "#3"},
				"up": {"uv": [9.5, 2.25, 9.75, 2.5], "texture": "#3"},
				"down": {"uv": [9.75, 5.25, 9.5, 5.5], "rotation": 180, "texture": "#3"}
			}
		},
		{
			"from": [9.9, 11.675, 6.95],
			"to": [10.15, 13.925, 7.2],
			"rotation": {"angle": -22.5, "axis": "y", "origin": [7.775, 12.925, 7.075]},
			"faces": {
				"north": {"uv": [10, 3.25, 9.75, 5.5], "texture": "#3"},
				"east": {"uv": [9.75, 3.25, 10, 5.5], "texture": "#3"},
				"south": {"uv": [9.75, 3.25, 10, 5.5], "texture": "#3"},
				"west": {"uv": [9.75, 3.25, 10, 5.5], "texture": "#3"},
				"up": {"uv": [9.75, 3.25, 10, 3.5], "texture": "#3"},
				"down": {"uv": [10, 5.25, 9.75, 5.5], "rotation": 180, "texture": "#3"}
			}
		},
		{
			"from": [5.6, 11.675, 6.95],
			"to": [5.85, 14.925, 7.2],
			"rotation": {"angle": 22.5, "axis": "y", "origin": [7.725, 12.925, 7.075]},
			"faces": {
				"north": {"uv": [5.75, 2.25, 5.5, 5.5], "texture": "#3"},
				"east": {"uv": [5.5, 2.25, 5.75, 5.5], "texture": "#3"},
				"south": {"uv": [5.5, 2.25, 5.75, 5.5], "texture": "#3"},
				"west": {"uv": [5.5, 2.25, 5.75, 5.5], "texture": "#3"},
				"up": {"uv": [5.5, 2.25, 5.75, 2.5], "texture": "#3"},
				"down": {"uv": [5.75, 5.25, 5.5, 5.5], "rotation": 180, "texture": "#3"}
			}
		},
		{
			"from": [5.85, 11.675, 6.95],
			"to": [6.1, 15.675, 7.2],
			"rotation": {"angle": 22.5, "axis": "y", "origin": [7.725, 12.925, 7.075]},
			"faces": {
				"north": {"uv": [6, 1.5, 5.75, 5.5], "texture": "#3"},
				"east": {"uv": [5.75, 1.5, 6, 5.5], "texture": "#3"},
				"south": {"uv": [5.75, 1.5, 6, 5.5], "texture": "#3"},
				"west": {"uv": [5.75, 1.5, 6, 5.5], "texture": "#3"},
				"up": {"uv": [5.75, 1.5, 6, 1.75], "texture": "#3"},
				"down": {"uv": [6, 5.25, 5.75, 5.5], "rotation": 180, "texture": "#3"}
			}
		},
		{
			"from": [6.1, 11.675, 6.95],
			"to": [6.35, 16.175, 7.2],
			"rotation": {"angle": 22.5, "axis": "y", "origin": [7.725, 12.925, 7.075]},
			"faces": {
				"north": {"uv": [6.25, 1, 6, 5.5], "texture": "#3"},
				"east": {"uv": [6, 1, 6.25, 5.5], "texture": "#3"},
				"south": {"uv": [6, 1, 6.25, 5.5], "texture": "#3"},
				"west": {"uv": [6, 1, 6.25, 5.5], "texture": "#3"},
				"up": {"uv": [6, 1, 6.25, 1.25], "texture": "#3"},
				"down": {"uv": [6.25, 5.25, 6, 5.5], "rotation": 180, "texture": "#3"}
			}
		},
		{
			"from": [6.35, 11.675, 6.95],
			"to": [6.6, 16.425, 7.2],
			"rotation": {"angle": 22.5, "axis": "y", "origin": [7.725, 12.925, 7.075]},
			"faces": {
				"north": {"uv": [6.5, 0.75, 6.25, 5.5], "texture": "#3"},
				"east": {"uv": [6.25, 0.75, 6.5, 5.5], "texture": "#3"},
				"south": {"uv": [6.25, 0.75, 6.5, 5.5], "texture": "#3"},
				"west": {"uv": [6.25, 0.75, 6.5, 5.5], "texture": "#3"},
				"up": {"uv": [6.25, 0.75, 6.5, 1], "texture": "#3"},
				"down": {"uv": [6.5, 5.25, 6.25, 5.5], "rotation": 180, "texture": "#3"}
			}
		},
		{
			"from": [6.6, 11.675, 6.95],
			"to": [6.85, 16.675, 7.2],
			"rotation": {"angle": 22.5, "axis": "y", "origin": [7.725, 12.925, 7.075]},
			"faces": {
				"north": {"uv": [6.75, 0.5, 6.5, 5.5], "texture": "#3"},
				"east": {"uv": [6.5, 0.5, 6.75, 5.5], "texture": "#3"},
				"south": {"uv": [6.5, 0.5, 6.75, 5.5], "texture": "#3"},
				"west": {"uv": [6.5, 0.5, 6.75, 5.5], "texture": "#3"},
				"up": {"uv": [6.5, 0.5, 6.75, 0.75], "texture": "#3"},
				"down": {"uv": [6.75, 5.25, 6.5, 5.5], "rotation": 180, "texture": "#3"}
			}
		},
		{
			"from": [6.875, 11.675, 7.3],
			"to": [7.375, 16.925, 7.55],
			"rotation": {"angle": 0, "axis": "y", "origin": [7.75, 12.925, 7.425]},
			"faces": {
				"north": {"uv": [7.25, 0.25, 6.75, 5.5], "texture": "#3"},
				"east": {"uv": [7, 0.25, 7.25, 5.5], "texture": "#3"},
				"south": {"uv": [6.75, 0.25, 7.25, 5.5], "texture": "#3"},
				"west": {"uv": [6.75, 0.25, 7, 5.5], "texture": "#3"},
				"up": {"uv": [6.75, 0.25, 7.25, 0.5], "texture": "#3"},
				"down": {"uv": [7.25, 5.25, 6.75, 5.5], "rotation": 180, "texture": "#3"}
			}
		},
		{
			"from": [6.875, -2.075, 7.25],
			"to": [7.375, -1.575, 7.8],
			"rotation": {"angle": 0, "axis": "y", "origin": [7.75, -2.575, 7.525]},
			"faces": {
				"north": {"uv": [7.25, 14, 6.75, 14.5], "texture": "#3"},
				"east": {"uv": [7, 14, 7.25, 14.5], "texture": "#3"},
				"south": {"uv": [6.75, 14, 7.25, 14.5], "texture": "#3"},
				"west": {"uv": [6.75, 14, 7, 14.5], "texture": "#3"},
				"up": {"uv": [6.75, 14, 7.25, 14.25], "texture": "#3"},
				"down": {"uv": [7.25, 14.25, 6.75, 14.5], "rotation": 180, "texture": "#3"}
			}
		},
		{
			"from": [8.125, -2.075, 7.25],
			"to": [8.625, -1.575, 7.8],
			"rotation": {"angle": 0, "axis": "y", "origin": [9, -2.575, 7.525]},
			"faces": {
				"north": {"uv": [8.5, 14, 8, 14.5], "texture": "#3"},
				"east": {"uv": [8.25, 14, 8.5, 14.5], "texture": "#3"},
				"south": {"uv": [8, 14, 8.5, 14.5], "texture": "#3"},
				"west": {"uv": [8, 14, 8.25, 14.5], "texture": "#3"},
				"up": {"uv": [8, 14, 8.5, 14.25], "texture": "#3"},
				"down": {"uv": [8.5, 14.25, 8, 14.5], "rotation": 180, "texture": "#3"}
			}
		},
		{
			"from": [6.125, -3.575, 7.25],
			"to": [9.375, -3.075, 7.8],
			"rotation": {"angle": 0, "axis": "y", "origin": [7, -4.075, 7.525]},
			"faces": {
				"north": {"uv": [9.25, 15.5, 6, 16], "texture": "#3"},
				"east": {"uv": [9, 15.5, 9.25, 16], "texture": "#3"},
				"south": {"uv": [6, 15.5, 9.25, 16], "texture": "#3"},
				"west": {"uv": [6, 15.5, 6.25, 16], "texture": "#3"},
				"up": {"uv": [6, 15.5, 9.25, 15.75], "texture": "#3"},
				"down": {"uv": [9.25, 15.75, 6, 16], "rotation": 180, "texture": "#3"}
			}
		},
		{
			"from": [6.375, -3.075, 7.25],
			"to": [6.875, -2.575, 7.8],
			"rotation": {"angle": 0, "axis": "y", "origin": [7.25, -3.575, 7.525]},
			"faces": {
				"north": {"uv": [6.75, 15, 6.25, 15.5], "texture": "#3"},
				"east": {"uv": [6.5, 15, 6.75, 15.5], "texture": "#3"},
				"south": {"uv": [6.25, 15, 6.75, 15.5], "texture": "#3"},
				"west": {"uv": [6.25, 15, 6.5, 15.5], "texture": "#3"},
				"up": {"uv": [6.25, 15, 6.75, 15.25], "texture": "#3"},
				"down": {"uv": [6.75, 15.25, 6.25, 15.5], "rotation": 180, "texture": "#3"}
			}
		},
		{
			"from": [8.625, -3.075, 7.25],
			"to": [9.125, -2.575, 7.8],
			"rotation": {"angle": 0, "axis": "y", "origin": [9.5, -3.575, 7.525]},
			"faces": {
				"north": {"uv": [9, 15, 8.5, 15.5], "texture": "#3"},
				"east": {"uv": [8.75, 15, 9, 15.5], "texture": "#3"},
				"south": {"uv": [8.5, 15, 9, 15.5], "texture": "#3"},
				"west": {"uv": [8.5, 15, 8.75, 15.5], "texture": "#3"},
				"up": {"uv": [8.5, 15, 9, 15.25], "texture": "#3"},
				"down": {"uv": [9, 15.25, 8.5, 15.5], "rotation": 180, "texture": "#3"}
			}
		},
		{
			"from": [6.625, -2.575, 7.25],
			"to": [7.125, -2.075, 7.8],
			"rotation": {"angle": 0, "axis": "y", "origin": [7.5, -3.075, 7.525]},
			"faces": {
				"north": {"uv": [7, 14.5, 6.5, 15], "texture": "#3"},
				"east": {"uv": [6.75, 14.5, 7, 15], "texture": "#3"},
				"south": {"uv": [6.5, 14.5, 7, 15], "texture": "#3"},
				"west": {"uv": [6.5, 14.5, 6.75, 15], "texture": "#3"},
				"up": {"uv": [6.5, 14.5, 7, 14.75], "texture": "#3"},
				"down": {"uv": [7, 14.75, 6.5, 15], "rotation": 180, "texture": "#3"}
			}
		},
		{
			"from": [8.375, -2.575, 7.25],
			"to": [8.875, -2.075, 7.8],
			"rotation": {"angle": 0, "axis": "y", "origin": [9.25, -3.075, 7.525]},
			"faces": {
				"north": {"uv": [8.75, 14.5, 8.25, 15], "texture": "#3"},
				"east": {"uv": [8.5, 14.5, 8.75, 15], "texture": "#3"},
				"south": {"uv": [8.25, 14.5, 8.75, 15], "texture": "#3"},
				"west": {"uv": [8.25, 14.5, 8.5, 15], "texture": "#3"},
				"up": {"uv": [8.25, 14.5, 8.75, 14.75], "texture": "#3"},
				"down": {"uv": [8.75, 14.75, 8.25, 15], "rotation": 180, "texture": "#3"}
			}
		},
		{
			"from": [7.375, 11.675, 7.3],
			"to": [8.125, 17.175, 7.55],
			"rotation": {"angle": 0, "axis": "y", "origin": [7.75, 12.925, 7.425]},
			"faces": {
				"north": {"uv": [8, 0, 7.25, 5.5], "texture": "#3"},
				"east": {"uv": [7.75, 0, 8, 5.5], "texture": "#3"},
				"south": {"uv": [7.25, 0, 8, 5.5], "texture": "#3"},
				"west": {"uv": [7.25, 0, 7.5, 5.5], "texture": "#3"},
				"up": {"uv": [7.25, 0, 8, 0.25], "texture": "#3"},
				"down": {"uv": [8, 5.25, 7.25, 5.5], "rotation": 180, "texture": "#3"}
			}
		},
		{
			"from": [8.125, 11.675, 7.3],
			"to": [8.625, 16.925, 7.55],
			"rotation": {"angle": 0, "axis": "y", "origin": [7.75, 12.925, 7.425]},
			"faces": {
				"north": {"uv": [8.5, 0.25, 8, 5.5], "texture": "#3"},
				"east": {"uv": [8.25, 0.25, 8.5, 5.5], "texture": "#3"},
				"south": {"uv": [8, 0.25, 8.5, 5.5], "texture": "#3"},
				"west": {"uv": [8, 0.25, 8.25, 5.5], "texture": "#3"},
				"up": {"uv": [8, 0.25, 8.5, 0.5], "texture": "#3"},
				"down": {"uv": [8.5, 5.25, 8, 5.5], "rotation": 180, "texture": "#3"}
			}
		},
		{
			"from": [7.125, 11.675, 7.125],
			"to": [8.375, 12.675, 7.925],
			"rotation": {"angle": 0, "axis": "y", "origin": [7.75, 12.925, 7.425]},
			"faces": {
				"north": {"uv": [8.25, 4.5, 7, 5.5], "texture": "#3"},
				"east": {"uv": [8, 4.5, 8.25, 5.5], "texture": "#3"},
				"south": {"uv": [7, 4.5, 8.25, 5.5], "texture": "#3"},
				"west": {"uv": [7, 4.5, 7.25, 5.5], "texture": "#3"},
				"up": {"uv": [7, 4.5, 8.25, 4.75], "texture": "#3"},
				"down": {"uv": [8.25, 5.25, 7, 5.5], "rotation": 180, "texture": "#3"}
			}
		},
		{
			"from": [7.375, 12.675, 7.125],
			"to": [8.125, 13.425, 7.925],
			"rotation": {"angle": 0, "axis": "y", "origin": [7.75, 12.925, 7.425]},
			"faces": {
				"north": {"uv": [8, 3.75, 7.25, 4.5], "texture": "#3"},
				"east": {"uv": [7.75, 3.75, 8, 4.5], "texture": "#3"},
				"south": {"uv": [7.25, 3.75, 8, 4.5], "texture": "#3"},
				"west": {"uv": [7.25, 3.75, 7.5, 4.5], "texture": "#3"},
				"up": {"uv": [7.25, 3.75, 8, 4], "texture": "#3"},
				"down": {"uv": [8, 4.25, 7.25, 4.5], "rotation": 180, "texture": "#3"}
			}
		},
		{
			"from": [7.625, 13.425, 7.125],
			"to": [7.875, 13.925, 7.925],
			"rotation": {"angle": 0, "axis": "y", "origin": [7.75, 12.925, 7.425]},
			"faces": {
				"north": {"uv": [7.75, 3.25, 7.5, 3.75], "texture": "#3"},
				"east": {"uv": [7.5, 3.25, 7.75, 3.75], "texture": "#3"},
				"south": {"uv": [7.5, 3.25, 7.75, 3.75], "texture": "#3"},
				"west": {"uv": [7.5, 3.25, 7.75, 3.75], "texture": "#3"},
				"up": {"uv": [7.5, 3.25, 7.75, 3.5], "texture": "#3"},
				"down": {"uv": [7.75, 3.5, 7.5, 3.75], "rotation": 180, "texture": "#3"}
			}
		},
		{
			"from": [8.125, -0.325, 7.25],
			"to": [8.375, 9.675, 7.8],
			"rotation": {"angle": 0, "axis": "y", "origin": [0.125, -2.75, 0.125]},
			"faces": {
				"north": {"uv": [8.5, 4.75, 8.75, 14.75], "texture": "#1"},
				"east": {"uv": [9.5, 4.75, 10.25, 14.75], "texture": "#1"},
				"south": {"uv": [8.5, 4.75, 8.75, 14.75], "texture": "#1"},
				"west": {"uv": [6, 4.75, 6.75, 14.75], "texture": "#1"},
				"up": {"uv": [8.5, 4.75, 8.75, 5.5], "texture": "#1"},
				"down": {"uv": [8.75, 14, 8.5, 14.75], "rotation": 180, "texture": "#1"}
			}
		},
		{
			"from": [7.125, -0.325, 7.25],
			"to": [7.375, 9.675, 7.8],
			"rotation": {"angle": 0, "axis": "y", "origin": [-0.875, -2.75, 0.125]},
			"faces": {
				"north": {"uv": [7.5, 4.75, 7.75, 14.75], "texture": "#1"},
				"east": {"uv": [9.5, 4.75, 10.25, 14.75], "texture": "#1"},
				"south": {"uv": [7.5, 4.75, 7.75, 14.75], "texture": "#1"},
				"west": {"uv": [6, 4.75, 6.75, 14.75], "texture": "#1"},
				"up": {"uv": [7.5, 4.75, 7.75, 5.5], "texture": "#1"},
				"down": {"uv": [7.75, 14, 7.5, 14.75], "rotation": 180, "texture": "#1"}
			}
		},
		{
			"from": [7.375, -0.325, 7.05],
			"to": [8.125, 9.675, 8],
			"rotation": {"angle": 0, "axis": "y", "origin": [-0.125, -2.75, 0.125]},
			"faces": {
				"north": {"uv": [8.5, 4.75, 7.75, 14.75], "texture": "#1"},
				"east": {"uv": [9.25, 4.75, 10.5, 14.75], "texture": "#1"},
				"south": {"uv": [7.75, 4.75, 8.5, 14.75], "texture": "#1"},
				"west": {"uv": [5.75, 4.75, 7, 14.75], "texture": "#1"},
				"up": {"uv": [7.75, 4.75, 8.5, 5.5], "texture": "#1"},
				"down": {"uv": [8.5, 14, 7.75, 14.75], "rotation": 180, "texture": "#1"}
			}
		},
		{
			"from": [6.875, 9.675, 7.125],
			"to": [7.125, 11.675, 7.925],
			"rotation": {"angle": 0, "axis": "y", "origin": [-0.025, 0.175, 0]},
			"faces": {
				"north": {"uv": [7, 5.5, 6.75, 7.5], "texture": "#3"},
				"east": {"uv": [6.75, 5.5, 7, 7.5], "texture": "#3"},
				"south": {"uv": [6.75, 5.5, 7, 7.5], "texture": "#3"},
				"west": {"uv": [6.75, 5.5, 7, 7.5], "texture": "#3"},
				"up": {"uv": [6.75, 5.5, 7, 5.75], "texture": "#3"},
				"down": {"uv": [7, 7.25, 6.75, 7.5], "rotation": 180, "texture": "#3"}
			}
		},
		{
			"from": [7.125, 9.675, 6.9],
			"to": [8.375, 11.675, 8.15],
			"rotation": {"angle": 0, "axis": "y", "origin": [1.225, 0.175, 0]},
			"faces": {
				"north": {"uv": [8.25, 5.5, 7, 7.5], "texture": "#3"},
				"east": {"uv": [8, 5.5, 8.25, 7.5], "texture": "#3"},
				"south": {"uv": [7, 5.5, 8.25, 7.5], "texture": "#3"},
				"west": {"uv": [7, 5.5, 7.25, 7.5], "texture": "#3"},
				"up": {"uv": [7, 5.5, 8.25, 5.75], "texture": "#3"},
				"down": {"uv": [8.25, 7.25, 7, 7.5], "rotation": 180, "texture": "#3"}
			}
		},
		{
			"from": [8.375, 9.675, 7.125],
			"to": [8.625, 11.675, 7.925],
			"rotation": {"angle": 0, "axis": "y", "origin": [1.475, 0.175, 0]},
			"faces": {
				"north": {"uv": [8.5, 5.5, 8.25, 7.5], "texture": "#3"},
				"east": {"uv": [8.25, 5.5, 8.5, 7.5], "texture": "#3"},
				"south": {"uv": [8.25, 5.5, 8.5, 7.5], "texture": "#3"},
				"west": {"uv": [8.25, 5.5, 8.5, 7.5], "texture": "#3"},
				"up": {"uv": [8.25, 5.5, 8.5, 5.75], "texture": "#3"},
				"down": {"uv": [8.5, 7.25, 8.25, 7.5], "rotation": 180, "texture": "#3"}
			}
		}
	],
	"gui_light": "front",
	"display": {
		"thirdperson_righthand": {
			"rotation": [0, -90, 0],
			"translation": [-0.95, 2.75, 1.5],
			"scale": [0.9, 0.9, 0.9]
		},
		"thirdperson_lefthand": {
			"rotation": [0, -90, 0],
			"translation": [-1, 2.75, 1],
			"scale": [0.9, 0.9, 0.9]
		},
		"firstperson_righthand": {
			"rotation": [55, -90, 60],
			"translation": [-1, 4.5, 1.5],
			"scale": [0.9, 0.9, 0.9]
		},
		"firstperson_lefthand": {
			"rotation": [-65, -90, -60],
			"translation": [-1, 4.5, 1.5],
			"scale": [0.9, 0.9, 0.9]
		},
		"ground": {
			"rotation": [-45, 90, 0],
			"translation": [0, 1, 0],
			"scale": [0.45, 0.45, 0.45]
		},
		"gui": {
			"rotation": [0, 0, -45],
			"translation": [1, 0.5, 0],
			"scale": [0.9, 0.9, 0.9]
		},
		"head": {
			"translation": [0, 9.75, 0]
		},
		"fixed": {
			"rotation": [180, 0, 135],
			"translation": [-0.5, -0.25, 0],
			"scale": [1.2, 1.2, 1.2]
		}
	}
}