{
	"credit": "Made with Blockbench",
	"textures": {
		"1": "item/handle",
		"2": "item/wooden_hoe",
		"particle": "item/wooden_hoe"
	},
	"elements": [
		{
			"from": [9.125, 10.675, 7.4],
			"to": [9.375, 11.675, 7.65],
			"rotation": {"angle": 0, "axis": "y", "origin": [2.225, 0.675, 0]},
			"faces": {
				"north": {"uv": [10, 1.25, 9.75, 2.25], "texture": "#2"},
				"east": {"uv": [9.75, 1.25, 10, 2.25], "texture": "#2"},
				"south": {"uv": [9.75, 1.25, 10, 2.25], "texture": "#2"},
				"west": {"uv": [9.75, 1.25, 10, 2.25], "texture": "#2"},
				"up": {"uv": [9.75, 1.25, 10, 1.5], "texture": "#2"},
				"down": {"uv": [10, 2, 9.75, 2.25], "rotation": 180, "texture": "#2"}
			}
		},
		{
			"from": [8.625, 10.425, 7.4],
			"to": [9.125, 11.925, 7.65],
			"rotation": {"angle": 0, "axis": "y", "origin": [2.475, 0.925, 0]},
			"faces": {
				"north": {"uv": [9.75, 1, 9.25, 2.5], "texture": "#2"},
				"east": {"uv": [9.5, 1, 9.75, 2.5], "texture": "#2"},
				"south": {"uv": [9.25, 1, 9.75, 2.5], "texture": "#2"},
				"west": {"uv": [9.25, 1, 9.5, 2.5], "texture": "#2"},
				"up": {"uv": [9.25, 1, 9.75, 1.25], "texture": "#2"},
				"down": {"uv": [9.75, 2.25, 9.25, 2.5], "rotation": 180, "texture": "#2"}
			}
		},
		{
			"from": [8.625, 10.675, 7.225],
			"to": [9.125, 11.675, 7.825],
			"rotation": {"angle": 0, "axis": "y", "origin": [2.475, 0.925, 0]},
			"faces": {
				"north": {"uv": [9.75, 1.25, 9.25, 2.25], "texture": "#2"},
				"east": {"uv": [9.5, 1.25, 9.75, 2.25], "texture": "#2"},
				"south": {"uv": [9.25, 1.25, 9.75, 2.25], "texture": "#2"},
				"west": {"uv": [9.25, 1.25, 9.5, 2.25], "texture": "#2"},
				"up": {"uv": [9.25, 1.25, 9.75, 1.5], "texture": "#2"},
				"down": {"uv": [9.75, 2, 9.25, 2.25], "rotation": 180, "texture": "#2"}
			}
		},
		{
			"from": [5.875, 10.425, 7.4],
			"to": [6.875, 11.925, 7.65],
			"rotation": {"angle": 0, "axis": "y", "origin": [-0.275, 0.925, 0]},
			"faces": {
				"north": {"uv": [7.5, 1, 6.5, 2.5], "texture": "#2"},
				"east": {"uv": [7.25, 1, 7.5, 2.5], "texture": "#2"},
				"south": {"uv": [6.5, 1, 7.5, 2.5], "texture": "#2"},
				"west": {"uv": [6.5, 1, 6.75, 2.5], "texture": "#2"},
				"up": {"uv": [6.5, 1, 7.5, 1.25], "texture": "#2"},
				"down": {"uv": [7.5, 2.25, 6.5, 2.5], "rotation": 180, "texture": "#2"}
			}
		},
		{
			"from": [4.875, 10.175, 7.4],
			"to": [5.625, 11.675, 7.65],
			"rotation": {"angle": 0, "axis": "y", "origin": [-1.525, 0.675, 0]},
			"faces": {
				"north": {"uv": [6.25, 1.25, 5.5, 2.75], "texture": "#2"},
				"east": {"uv": [6, 1.25, 6.25, 2.75], "texture": "#2"},
				"south": {"uv": [5.5, 1.25, 6.25, 2.75], "texture": "#2"},
				"west": {"uv": [5.5, 1.25, 5.75, 2.75], "texture": "#2"},
				"up": {"uv": [5.5, 1.25, 6.25, 1.5], "texture": "#2"},
				"down": {"uv": [6.25, 2.5, 5.5, 2.75], "rotation": 180, "texture": "#2"}
			}
		},
		{
			"from": [4.375, 10.175, 7.4],
			"to": [4.875, 11.425, 7.65],
			"rotation": {"angle": 0, "axis": "y", "origin": [-2.275, 0.425, 0]},
			"faces": {
				"north": {"uv": [5.5, 1.5, 5, 2.75], "texture": "#2"},
				"east": {"uv": [5.25, 1.5, 5.5, 2.75], "texture": "#2"},
				"south": {"uv": [5, 1.5, 5.5, 2.75], "texture": "#2"},
				"west": {"uv": [5, 1.5, 5.25, 2.75], "texture": "#2"},
				"up": {"uv": [5, 1.5, 5.5, 1.75], "texture": "#2"},
				"down": {"uv": [5.5, 2.5, 5, 2.75], "rotation": 180, "texture": "#2"}
			}
		},
		{
			"from": [3.625, 9.925, 7.4],
			"to": [4.125, 11.175, 7.65],
			"rotation": {"angle": 0, "axis": "y", "origin": [-3.025, 0.175, 0]},
			"faces": {
				"north": {"uv": [4.75, 1.75, 4.25, 3], "texture": "#2"},
				"east": {"uv": [4.5, 1.75, 4.75, 3], "texture": "#2"},
				"south": {"uv": [4.25, 1.75, 4.75, 3], "texture": "#2"},
				"west": {"uv": [4.25, 1.75, 4.5, 3], "texture": "#2"},
				"up": {"uv": [4.25, 1.75, 4.75, 2], "texture": "#2"},
				"down": {"uv": [4.75, 2.75, 4.25, 3], "rotation": 180, "texture": "#2"}
			}
		},
		{
			"from": [3.125, 9.925, 7.4],
			"to": [3.625, 10.925, 7.65],
			"rotation": {"angle": 0, "axis": "y", "origin": [-3.525, 0.175, 0]},
			"faces": {
				"north": {"uv": [4.25, 2, 3.75, 3], "texture": "#2"},
				"east": {"uv": [4, 2, 4.25, 3], "texture": "#2"},
				"south": {"uv": [3.75, 2, 4.25, 3], "texture": "#2"},
				"west": {"uv": [3.75, 2, 4, 3], "texture": "#2"},
				"up": {"uv": [3.75, 2, 4.25, 2.25], "texture": "#2"},
				"down": {"uv": [4.25, 2.75, 3.75, 3], "rotation": 180, "texture": "#2"}
			}
		},
		{
			"from": [2.625, 9.675, 7.4],
			"to": [3.125, 10.675, 7.65],
			"rotation": {"angle": 0, "axis": "y", "origin": [-4.025, -0.075, 0]},
			"faces": {
				"north": {"uv": [3.75, 2.25, 3.25, 3.25], "texture": "#2"},
				"east": {"uv": [3.5, 2.25, 3.75, 3.25], "texture": "#2"},
				"south": {"uv": [3.25, 2.25, 3.75, 3.25], "texture": "#2"},
				"west": {"uv": [3.25, 2.25, 3.5, 3.25], "texture": "#2"},
				"up": {"uv": [3.25, 2.25, 3.75, 2.5], "texture": "#2"},
				"down": {"uv": [3.75, 3, 3.25, 3.25], "rotation": 180, "texture": "#2"}
			}
		},
		{
			"from": [2.125, 9.675, 7.4],
			"to": [2.625, 10.425, 7.65],
			"rotation": {"angle": 0, "axis": "y", "origin": [-4.525, -0.075, 0]},
			"faces": {
				"north": {"uv": [3.25, 2.5, 2.75, 3.25], "texture": "#2"},
				"east": {"uv": [3, 2.5, 3.25, 3.25], "texture": "#2"},
				"south": {"uv": [2.75, 2.5, 3.25, 3.25], "texture": "#2"},
				"west": {"uv": [2.75, 2.5, 3, 3.25], "texture": "#2"},
				"up": {"uv": [2.75, 2.5, 3.25, 2.75], "texture": "#2"},
				"down": {"uv": [3.25, 3, 2.75, 3.25], "rotation": 180, "texture": "#2"}
			}
		},
		{
			"from": [5.625, 10.425, 7.4],
			"to": [5.875, 11.675, 7.65],
			"rotation": {"angle": 0, "axis": "y", "origin": [-1.275, 0.675, 0]},
			"faces": {
				"north": {"uv": [6.5, 1.25, 6.25, 2.5], "texture": "#2"},
				"east": {"uv": [6.25, 1.25, 6.5, 2.5], "texture": "#2"},
				"south": {"uv": [6.25, 1.25, 6.5, 2.5], "texture": "#2"},
				"west": {"uv": [6.25, 1.25, 6.5, 2.5], "texture": "#2"},
				"up": {"uv": [6.25, 1.25, 6.5, 1.5], "texture": "#2"},
				"down": {"uv": [6.5, 2.25, 6.25, 2.5], "rotation": 180, "texture": "#2"}
			}
		},
		{
			"from": [4.125, 9.925, 7.4],
			"to": [4.375, 11.425, 7.65],
			"rotation": {"angle": 0, "axis": "y", "origin": [-2.775, 0.425, 0]},
			"faces": {
				"north": {"uv": [5, 1.5, 4.75, 3], "texture": "#2"},
				"east": {"uv": [4.75, 1.5, 5, 3], "texture": "#2"},
				"south": {"uv": [4.75, 1.5, 5, 3], "texture": "#2"},
				"west": {"uv": [4.75, 1.5, 5, 3], "texture": "#2"},
				"up": {"uv": [4.75, 1.5, 5, 1.75], "texture": "#2"},
				"down": {"uv": [5, 2.75, 4.75, 3], "rotation": 180, "texture": "#2"}
			}
		},
		{
			"from": [1.875, 9.425, 7.4],
			"to": [2.125, 10.175, 7.65],
			"rotation": {"angle": 0, "axis": "y", "origin": [-5.025, -0.075, 0]},
			"faces": {
				"north": {"uv": [2.75, 2.75, 2.5, 3.5], "texture": "#2"},
				"east": {"uv": [2.5, 2.75, 2.75, 3.5], "texture": "#2"},
				"south": {"uv": [2.5, 2.75, 2.75, 3.5], "texture": "#2"},
				"west": {"uv": [2.5, 2.75, 2.75, 3.5], "texture": "#2"},
				"up": {"uv": [2.5, 2.75, 2.75, 3], "texture": "#2"},
				"down": {"uv": [2.75, 3.25, 2.5, 3.5], "rotation": 180, "texture": "#2"}
			}
		},
		{
			"from": [1.625, 9.425, 7.4],
			"to": [1.875, 9.925, 7.65],
			"rotation": {"angle": 0, "axis": "y", "origin": [-5.275, -0.075, 0]},
			"faces": {
				"north": {"uv": [2.5, 3, 2.25, 3.5], "texture": "#2"},
				"east": {"uv": [2.25, 3, 2.5, 3.5], "texture": "#2"},
				"south": {"uv": [2.25, 3, 2.5, 3.5], "texture": "#2"},
				"west": {"uv": [2.25, 3, 2.5, 3.5], "texture": "#2"},
				"up": {"uv": [2.25, 3, 2.5, 3.25], "texture": "#2"},
				"down": {"uv": [2.5, 3.25, 2.25, 3.5], "rotation": 180, "texture": "#2"}
			}
		},
		{
			"from": [1.375, 9.425, 7.4],
			"to": [1.625, 9.675, 7.65],
			"rotation": {"angle": 0, "axis": "y", "origin": [-5.525, -0.075, 0]},
			"faces": {
				"north": {"uv": [2.25, 3.25, 2, 3.5], "texture": "#2"},
				"east": {"uv": [2, 3.25, 2.25, 3.5], "texture": "#2"},
				"south": {"uv": [2, 3.25, 2.25, 3.5], "texture": "#2"},
				"west": {"uv": [2, 3.25, 2.25, 3.5], "texture": "#2"},
				"up": {"uv": [2, 3.25, 2.25, 3.5], "texture": "#2"},
				"down": {"uv": [2.25, 3.25, 2, 3.5], "rotation": 180, "texture": "#2"}
			}
		},
		{
			"from": [5.875, 10.675, 7.225],
			"to": [6.875, 11.675, 7.825],
			"rotation": {"angle": 0, "axis": "y", "origin": [-0.275, 0.925, 0]},
			"faces": {
				"north": {"uv": [7.5, 1.25, 6.5, 2.25], "texture": "#2"},
				"east": {"uv": [7.25, 1.25, 7.5, 2.25], "texture": "#2"},
				"south": {"uv": [6.5, 1.25, 7.5, 2.25], "texture": "#2"},
				"west": {"uv": [6.5, 1.25, 6.75, 2.25], "texture": "#2"},
				"up": {"uv": [6.5, 1.25, 7.5, 1.5], "texture": "#2"},
				"down": {"uv": [7.5, 2, 6.5, 2.25], "rotation": 180, "texture": "#2"}
			}
		},
		{
			"from": [4.875, 10.425, 7.225],
			"to": [5.625, 11.425, 7.825],
			"rotation": {"angle": 0, "axis": "y", "origin": [-1.525, 0.675, 0]},
			"faces": {
				"north": {"uv": [6.25, 1.5, 5.5, 2.5], "texture": "#2"},
				"east": {"uv": [6, 1.5, 6.25, 2.5], "texture": "#2"},
				"south": {"uv": [5.5, 1.5, 6.25, 2.5], "texture": "#2"},
				"west": {"uv": [5.5, 1.5, 5.75, 2.5], "texture": "#2"},
				"up": {"uv": [5.5, 1.5, 6.25, 1.75], "texture": "#2"},
				"down": {"uv": [6.25, 2.25, 5.5, 2.5], "rotation": 180, "texture": "#2"}
			}
		},
		{
			"from": [4.375, 10.425, 7.225],
			"to": [4.875, 11.175, 7.825],
			"rotation": {"angle": 0, "axis": "y", "origin": [-2.275, 0.425, 0]},
			"faces": {
				"north": {"uv": [5.5, 1.75, 5, 2.5], "texture": "#2"},
				"east": {"uv": [5.25, 1.75, 5.5, 2.5], "texture": "#2"},
				"south": {"uv": [5, 1.75, 5.5, 2.5], "texture": "#2"},
				"west": {"uv": [5, 1.75, 5.25, 2.5], "texture": "#2"},
				"up": {"uv": [5, 1.75, 5.5, 2], "texture": "#2"},
				"down": {"uv": [5.5, 2.25, 5, 2.5], "rotation": 180, "texture": "#2"}
			}
		},
		{
			"from": [3.625, 10.175, 7.225],
			"to": [4.125, 10.925, 7.825],
			"rotation": {"angle": 0, "axis": "y", "origin": [-3.025, 0.175, 0]},
			"faces": {
				"north": {"uv": [4.75, 2, 4.25, 2.75], "texture": "#2"},
				"east": {"uv": [4.5, 2, 4.75, 2.75], "texture": "#2"},
				"south": {"uv": [4.25, 2, 4.75, 2.75], "texture": "#2"},
				"west": {"uv": [4.25, 2, 4.5, 2.75], "texture": "#2"},
				"up": {"uv": [4.25, 2, 4.75, 2.25], "texture": "#2"},
				"down": {"uv": [4.75, 2.5, 4.25, 2.75], "rotation": 180, "texture": "#2"}
			}
		},
		{
			"from": [3.125, 10.175, 7.225],
			"to": [3.625, 10.675, 7.825],
			"rotation": {"angle": 0, "axis": "y", "origin": [-3.525, 0.175, 0]},
			"faces": {
				"north": {"uv": [4.25, 2.25, 3.75, 2.75], "texture": "#2"},
				"east": {"uv": [4, 2.25, 4.25, 2.75], "texture": "#2"},
				"south": {"uv": [3.75, 2.25, 4.25, 2.75], "texture": "#2"},
				"west": {"uv": [3.75, 2.25, 4, 2.75], "texture": "#2"},
				"up": {"uv": [3.75, 2.25, 4.25, 2.5], "texture": "#2"},
				"down": {"uv": [4.25, 2.5, 3.75, 2.75], "rotation": 180, "texture": "#2"}
			}
		},
		{
			"from": [2.625, 9.925, 7.225],
			"to": [3.125, 10.425, 7.825],
			"rotation": {"angle": 0, "axis": "y", "origin": [-4.025, -0.075, 0]},
			"faces": {
				"north": {"uv": [3.75, 2.5, 3.25, 3], "texture": "#2"},
				"east": {"uv": [3.5, 2.5, 3.75, 3], "texture": "#2"},
				"south": {"uv": [3.25, 2.5, 3.75, 3], "texture": "#2"},
				"west": {"uv": [3.25, 2.5, 3.5, 3], "texture": "#2"},
				"up": {"uv": [3.25, 2.5, 3.75, 2.75], "texture": "#2"},
				"down": {"uv": [3.75, 2.75, 3.25, 3], "rotation": 180, "texture": "#2"}
			}
		},
		{
			"from": [2.125, 9.925, 7.225],
			"to": [2.625, 10.175, 7.825],
			"rotation": {"angle": 0, "axis": "y", "origin": [-4.525, -0.075, 0]},
			"faces": {
				"north": {"uv": [3.25, 2.75, 2.75, 3], "texture": "#2"},
				"east": {"uv": [3, 2.75, 3.25, 3], "texture": "#2"},
				"south": {"uv": [2.75, 2.75, 3.25, 3], "texture": "#2"},
				"west": {"uv": [2.75, 2.75, 3, 3], "texture": "#2"},
				"up": {"uv": [2.75, 2.75, 3.25, 3], "texture": "#2"},
				"down": {"uv": [3.25, 2.75, 2.75, 3], "rotation": 180, "texture": "#2"}
			}
		},
		{
			"from": [5.625, 10.675, 7.225],
			"to": [5.875, 11.425, 7.825],
			"rotation": {"angle": 0, "axis": "y", "origin": [-1.275, 0.675, 0]},
			"faces": {
				"north": {"uv": [6.5, 1.5, 6.25, 2.25], "texture": "#2"},
				"east": {"uv": [6.25, 1.5, 6.5, 2.25], "texture": "#2"},
				"south": {"uv": [6.25, 1.5, 6.5, 2.25], "texture": "#2"},
				"west": {"uv": [6.25, 1.5, 6.5, 2.25], "texture": "#2"},
				"up": {"uv": [6.25, 1.5, 6.5, 1.75], "texture": "#2"},
				"down": {"uv": [6.5, 2, 6.25, 2.25], "rotation": 180, "texture": "#2"}
			}
		},
		{
			"from": [4.125, 10.175, 7.225],
			"to": [4.375, 11.175, 7.825],
			"rotation": {"angle": 0, "axis": "y", "origin": [-2.775, 0.425, 0]},
			"faces": {
				"north": {"uv": [5, 1.75, 4.75, 2.75], "texture": "#2"},
				"east": {"uv": [4.75, 1.75, 5, 2.75], "texture": "#2"},
				"south": {"uv": [4.75, 1.75, 5, 2.75], "texture": "#2"},
				"west": {"uv": [4.75, 1.75, 5, 2.75], "texture": "#2"},
				"up": {"uv": [4.75, 1.75, 5, 2], "texture": "#2"},
				"down": {"uv": [5, 2.5, 4.75, 2.75], "rotation": 180, "texture": "#2"}
			}
		},
		{
			"from": [1.875, 9.675, 7.225],
			"to": [2.125, 9.925, 7.825],
			"rotation": {"angle": 0, "axis": "y", "origin": [-5.025, -0.075, 0]},
			"faces": {
				"north": {"uv": [2.75, 3, 2.5, 3.25], "texture": "#2"},
				"east": {"uv": [2.5, 3, 2.75, 3.25], "texture": "#2"},
				"south": {"uv": [2.5, 3, 2.75, 3.25], "texture": "#2"},
				"west": {"uv": [2.5, 3, 2.75, 3.25], "texture": "#2"},
				"up": {"uv": [2.5, 3, 2.75, 3.25], "texture": "#2"},
				"down": {"uv": [2.75, 3, 2.5, 3.25], "rotation": 180, "texture": "#2"}
			}
		},
		{
			"from": [8.125, -3.575, 7.25],
			"to": [8.375, 12.425, 7.8],
			"rotation": {"angle": 0, "axis": "y", "origin": [0.125, 0, 0.125]},
			"faces": {
				"north": {"uv": [8.5, 0, 8.75, 16], "texture": "#1"},
				"east": {"uv": [9.5, 0, 10.25, 16], "texture": "#1"},
				"south": {"uv": [8.5, 0, 8.75, 16], "texture": "#1"},
				"west": {"uv": [6, 0, 6.75, 16], "texture": "#1"},
				"up": {"uv": [8.5, 0, 8.75, 0.75], "texture": "#1"},
				"down": {"uv": [8.75, 15.25, 8.5, 16], "rotation": 180, "texture": "#1"}
			}
		},
		{
			"from": [7.125, -3.575, 7.25],
			"to": [7.375, 12.425, 7.8],
			"rotation": {"angle": 0, "axis": "y", "origin": [-0.875, 0, 0.125]},
			"faces": {
				"north": {"uv": [7.5, 0, 7.75, 16], "texture": "#1"},
				"east": {"uv": [9.5, 0, 10.25, 16], "texture": "#1"},
				"south": {"uv": [7.5, 0, 7.75, 16], "texture": "#1"},
				"west": {"uv": [6, 0, 6.75, 16], "texture": "#1"},
				"up": {"uv": [7.5, 0, 7.75, 0.75], "texture": "#1"},
				"down": {"uv": [7.75, 15.25, 7.5, 16], "rotation": 180, "texture": "#1"}
			}
		},
		{
			"from": [7.375, -3.575, 7.05],
			"to": [8.125, 12.425, 8],
			"rotation": {"angle": 0, "axis": "y", "origin": [-0.125, 0, 0.125]},
			"faces": {
				"north": {"uv": [8.5, 0, 7.75, 16], "texture": "#1"},
				"east": {"uv": [9.25, 0, 10.5, 16], "texture": "#1"},
				"south": {"uv": [7.75, 0, 8.5, 16], "texture": "#1"},
				"west": {"uv": [5.75, 0, 7, 16], "texture": "#1"},
				"up": {"uv": [7.75, 0, 8.5, 0.75], "texture": "#1"},
				"down": {"uv": [8.5, 15.25, 7.75, 16], "rotation": 180, "texture": "#1"}
			}
		},
		{
			"from": [6.875, 10.175, 7.125],
			"to": [7.125, 12.175, 7.925],
			"rotation": {"angle": 0, "axis": "y", "origin": [-0.025, 0.675, 0]},
			"faces": {
				"north": {"uv": [7.75, 0.75, 7.5, 2.75], "texture": "#2"},
				"east": {"uv": [7.5, 0.75, 7.75, 2.75], "texture": "#2"},
				"south": {"uv": [7.5, 0.75, 7.75, 2.75], "texture": "#2"},
				"west": {"uv": [7.5, 0.75, 7.75, 2.75], "texture": "#2"},
				"up": {"uv": [7.5, 0.75, 7.75, 1], "texture": "#2"},
				"down": {"uv": [7.75, 2.5, 7.5, 2.75], "rotation": 180, "texture": "#2"}
			}
		},
		{
			"from": [7.125, 10.175, 6.9],
			"to": [8.375, 12.175, 8.15],
			"rotation": {"angle": 0, "axis": "y", "origin": [1.225, 0.675, 0]},
			"faces": {
				"north": {"uv": [9, 0.75, 7.75, 2.75], "texture": "#2"},
				"east": {"uv": [8.75, 0.75, 9, 2.75], "texture": "#2"},
				"south": {"uv": [7.75, 0.75, 9, 2.75], "texture": "#2"},
				"west": {"uv": [7.75, 0.75, 8, 2.75], "texture": "#2"},
				"up": {"uv": [7.75, 0.75, 9, 1], "texture": "#2"},
				"down": {"uv": [9, 2.5, 7.75, 2.75], "rotation": 180, "texture": "#2"}
			}
		},
		{
			"from": [8.375, 10.175, 7.125],
			"to": [8.625, 12.175, 7.925],
			"rotation": {"angle": 0, "axis": "y", "origin": [1.475, 0.675, 0]},
			"faces": {
				"north": {"uv": [9.25, 0.75, 9, 2.75], "texture": "#2"},
				"east": {"uv": [9, 0.75, 9.25, 2.75], "texture": "#2"},
				"south": {"uv": [9, 0.75, 9.25, 2.75], "texture": "#2"},
				"west": {"uv": [9, 0.75, 9.25, 2.75], "texture": "#2"},
				"up": {"uv": [9, 0.75, 9.25, 1], "texture": "#2"},
				"down": {"uv": [9.25, 2.5, 9, 2.75], "rotation": 180, "texture": "#2"}
			}
		}
	],
	"gui_light": "front",
	"display": {
		"thirdperson_righthand": {
			"rotation": [0, -90, 0],
			"translation": [-0.95, 6, 1.5]
		},
		"thirdperson_lefthand": {
			"rotation": [0, 90, 0],
			"translation": [0, 6, 1.5]
		},
		"firstperson_righthand": {
			"rotation": [55, -90, 60],
			"translation": [-1, 6, 1.5]
		},
		"firstperson_lefthand": {
			"rotation": [-65, 90, 60],
			"translation": [-1, 6, 1.5]
		},
		"ground": {
			"rotation": [-45, 90, 0],
			"translation": [0, 1, 0],
			"scale": [0.45, 0.45, 0.45]
		},
		"gui": {
			"rotation": [0, 0, -45],
			"translation": [1.5, 1, 0]
		},
		"head": {
			"translation": [0, 9.75, 0]
		},
		"fixed": {
			"rotation": [180, 0, 135],
			"translation": [-2.5, 1.75, 0],
			"scale": [1.2, 1.2, 1.2]
		}
	}
}