{
	"credit": "Made with Blockbench",
	"textures": {
		"3": "item/wooden_sword",
		"particle": "item/wooden_sword"
	},
	"elements": [
		{
			"from": [8.125, -0.075, 7.275],
			"to": [8.375, 2.175, 7.775],
			"rotation": {"angle": 0, "axis": "y", "origin": [0.125, 4.5, 0.125]},
			"faces": {
				"north": {"uv": [9, 10.75, 9.25, 13], "texture": "#3"},
				"east": {"uv": [10, 10.75, 10.75, 13], "texture": "#3"},
				"south": {"uv": [9, 10.75, 9.25, 13], "texture": "#3"},
				"west": {"uv": [6.5, 10.75, 7.25, 13], "texture": "#3"},
				"up": {"uv": [9, 10.75, 9.25, 11], "texture": "#3"},
				"down": {"uv": [9.25, 12.75, 9, 13], "rotation": 180, "texture": "#3"}
			}
		},
		{
			"from": [7.625, -2.075, 7.2],
			"to": [7.875, -0.075, 7.85],
			"rotation": {"angle": 0, "axis": "y", "origin": [-0.125, 2.25, 0.125]},
			"faces": {
				"north": {"uv": [8.75, 13, 8.5, 15], "texture": "#3"},
				"east": {"uv": [10, 13, 10.75, 15], "texture": "#3"},
				"south": {"uv": [8.5, 13, 8.75, 15], "texture": "#3"},
				"west": {"uv": [6.5, 13, 7.25, 15], "texture": "#3"},
				"up": {"uv": [8.5, 13, 8.75, 13.25], "texture": "#3"},
				"down": {"uv": [8.75, 14.75, 8.5, 15], "rotation": 180, "texture": "#3"}
			}
		},
		{
			"from": [7.375, -2.075, 7.35],
			"to": [7.625, -0.075, 7.7],
			"rotation": {"angle": 0, "axis": "y", "origin": [-0.625, 2.25, 0.125]},
			"faces": {
				"north": {"uv": [8.25, 13, 8.5, 15], "texture": "#3"},
				"east": {"uv": [10.25, 13, 10.5, 15], "texture": "#3"},
				"south": {"uv": [8.25, 13, 8.5, 15], "texture": "#3"},
				"west": {"uv": [6.75, 13, 7, 15], "texture": "#3"},
				"up": {"uv": [8.25, 13, 8.5, 13.25], "texture": "#3"},
				"down": {"uv": [8.5, 14.75, 8.25, 15], "rotation": 180, "texture": "#3"}
			}
		},
		{
			"from": [7.875, -2.075, 7.4],
			"to": [8.125, -0.075, 7.65],
			"rotation": {"angle": 0, "axis": "y", "origin": [-0.125, 2.25, 0.125]},
			"faces": {
				"north": {"uv": [8.75, 13, 9, 15], "texture": "#3"},
				"east": {"uv": [10.25, 13, 10.5, 15], "texture": "#3"},
				"south": {"uv": [8.75, 13, 9, 15], "texture": "#3"},
				"west": {"uv": [6.75, 13, 7, 15], "texture": "#3"},
				"up": {"uv": [8.75, 13, 9, 13.25], "texture": "#3"},
				"down": {"uv": [9, 14.75, 8.75, 15], "rotation": 180, "texture": "#3"}
			}
		},
		{
			"from": [7.125, -0.075, 7.275],
			"to": [7.375, 2.175, 7.775],
			"rotation": {"angle": 0, "axis": "y", "origin": [-0.875, 4.5, 0.125]},
			"faces": {
				"north": {"uv": [8, 10.75, 8.25, 13], "texture": "#3"},
				"east": {"uv": [10, 10.75, 10.75, 13], "texture": "#3"},
				"south": {"uv": [8, 10.75, 8.25, 13], "texture": "#3"},
				"west": {"uv": [6.5, 10.75, 7.25, 13], "texture": "#3"},
				"up": {"uv": [8, 10.75, 8.25, 11], "texture": "#3"},
				"down": {"uv": [8.25, 12.75, 8, 13], "rotation": 180, "texture": "#3"}
			}
		},
		{
			"from": [7.375, -0.075, 7.075],
			"to": [8.125, 2.175, 7.975],
			"rotation": {"angle": 0, "axis": "y", "origin": [-0.125, 4.5, 0.125]},
			"faces": {
				"north": {"uv": [9, 10.75, 8.25, 13], "texture": "#3"},
				"east": {"uv": [9.75, 10.75, 11, 13], "texture": "#3"},
				"south": {"uv": [8.25, 10.75, 9, 13], "texture": "#3"},
				"west": {"uv": [6.25, 10.75, 7.5, 13], "texture": "#3"},
				"up": {"uv": [8.25, 10.75, 9, 11], "texture": "#3"},
				"down": {"uv": [9, 12.75, 8.25, 13], "rotation": 180, "texture": "#3"}
			}
		},
		{
			"from": [7.125, 2.175, 7],
			"to": [8.375, 2.925, 8.05],
			"rotation": {"angle": 0, "axis": "y", "origin": [1.225, -7.325, 0]},
			"faces": {
				"north": {"uv": [9.25, 10, 8, 10.75], "texture": "#3"},
				"east": {"uv": [9, 10, 9.25, 10.75], "texture": "#3"},
				"south": {"uv": [8, 10, 9.25, 10.75], "texture": "#3"},
				"west": {"uv": [8, 10, 8.25, 10.75], "texture": "#3"},
				"up": {"uv": [8, 10, 9.25, 10.25], "texture": "#3"},
				"down": {"uv": [9.25, 10.5, 8, 10.75], "rotation": 180, "texture": "#3"}
			}
		},
		{
			"from": [7.125, -2.825, 7.4],
			"to": [8.375, -2.075, 7.65],
			"rotation": {"angle": 0, "axis": "y", "origin": [1.225, -12.325, -0.15]},
			"faces": {
				"north": {"uv": [9.25, 15, 8, 15.75], "texture": "#3"},
				"east": {"uv": [9, 15, 9.25, 15.75], "texture": "#3"},
				"south": {"uv": [8, 15, 9.25, 15.75], "texture": "#3"},
				"west": {"uv": [8, 15, 8.25, 15.75], "texture": "#3"},
				"up": {"uv": [8, 15, 9.25, 15.25], "texture": "#3"},
				"down": {"uv": [9.25, 15.5, 8, 15.75], "rotation": 180, "texture": "#3"}
			}
		},
		{
			"from": [7.375, -2.825, 7.15],
			"to": [8.125, -2.075, 7.9],
			"rotation": {"angle": 0, "axis": "y", "origin": [1.225, -12.325, -0.15]},
			"faces": {
				"north": {"uv": [9.25, 15, 8, 15.75], "texture": "#3"},
				"east": {"uv": [9, 15, 9.25, 15.75], "texture": "#3"},
				"south": {"uv": [8, 15, 9.25, 15.75], "texture": "#3"},
				"west": {"uv": [8, 15, 8.25, 15.75], "texture": "#3"},
				"up": {"uv": [8, 15, 9.25, 15.25], "texture": "#3"},
				"down": {"uv": [9.25, 15.5, 8, 15.75], "rotation": 180, "texture": "#3"}
			}
		},
		{
			"from": [7.375, -3.075, 7.4],
			"to": [8.125, -2.825, 7.65],
			"rotation": {"angle": 0, "axis": "y", "origin": [1.225, -13.075, -0.15]},
			"faces": {
				"north": {"uv": [9, 15.75, 8.25, 16], "texture": "#3"},
				"east": {"uv": [8.75, 15.75, 9, 16], "texture": "#3"},
				"south": {"uv": [8.25, 15.75, 9, 16], "texture": "#3"},
				"west": {"uv": [8.25, 15.75, 8.5, 16], "texture": "#3"},
				"up": {"uv": [8.25, 15.75, 9, 16], "texture": "#3"},
				"down": {"uv": [9, 15.75, 8.25, 16], "rotation": 180, "texture": "#3"}
			}
		},
		{
			"from": [6.875, 2.175, 7.125],
			"to": [7.125, 2.925, 7.925],
			"rotation": {"angle": 0, "axis": "y", "origin": [-0.025, -7.325, 0]},
			"faces": {
				"north": {"uv": [8, 10, 7.75, 10.75], "texture": "#3"},
				"east": {"uv": [7.75, 10, 8, 10.75], "texture": "#3"},
				"south": {"uv": [7.75, 10, 8, 10.75], "texture": "#3"},
				"west": {"uv": [7.75, 10, 8, 10.75], "texture": "#3"},
				"up": {"uv": [7.75, 10, 8, 10.25], "texture": "#3"},
				"down": {"uv": [8, 10.5, 7.75, 10.75], "rotation": 180, "texture": "#3"}
			}
		},
		{
			"from": [8.625, 2.175, 7.275],
			"to": [8.875, 2.925, 7.775],
			"rotation": {"angle": 0, "axis": "y", "origin": [2.475, -7.575, 0]},
			"faces": {
				"north": {"uv": [9.75, 10, 9.5, 10.75], "texture": "#3"},
				"east": {"uv": [9.5, 10, 9.75, 10.75], "texture": "#3"},
				"south": {"uv": [9.5, 10, 9.75, 10.75], "texture": "#3"},
				"west": {"uv": [9.5, 10, 9.75, 10.75], "texture": "#3"},
				"up": {"uv": [9.5, 10, 9.75, 10.25], "texture": "#3"},
				"down": {"uv": [9.75, 10.5, 9.5, 10.75], "rotation": 180, "texture": "#3"}
			}
		},
		{
			"from": [9.875, 2.925, 7.275],
			"to": [10.125, 3.425, 7.775],
			"rotation": {"angle": 0, "axis": "y", "origin": [3.725, -7.325, 0]},
			"faces": {
				"north": {"uv": [11, 9.5, 10.75, 10], "texture": "#3"},
				"east": {"uv": [10.75, 9.5, 11, 10], "texture": "#3"},
				"south": {"uv": [10.75, 9.5, 11, 10], "texture": "#3"},
				"west": {"uv": [10.75, 9.5, 11, 10], "texture": "#3"},
				"up": {"uv": [10.75, 9.5, 11, 9.75], "texture": "#3"},
				"down": {"uv": [11, 9.75, 10.75, 10], "rotation": 180, "texture": "#3"}
			}
		},
		{
			"from": [10.125, 3.175, 7.275],
			"to": [10.375, 3.675, 7.775],
			"rotation": {"angle": 0, "axis": "y", "origin": [3.975, -7.075, 0]},
			"faces": {
				"north": {"uv": [11.25, 9.25, 11, 9.75], "texture": "#3"},
				"east": {"uv": [11, 9.25, 11.25, 9.75], "texture": "#3"},
				"south": {"uv": [11, 9.25, 11.25, 9.75], "texture": "#3"},
				"west": {"uv": [11, 9.25, 11.25, 9.75], "texture": "#3"},
				"up": {"uv": [11, 9.25, 11.25, 9.5], "texture": "#3"},
				"down": {"uv": [11.25, 9.5, 11, 9.75], "rotation": 180, "texture": "#3"}
			}
		},
		{
			"from": [10.375, 3.425, 7.275],
			"to": [10.625, 3.675, 7.775],
			"rotation": {"angle": 0, "axis": "y", "origin": [4.225, -7.075, 0]},
			"faces": {
				"north": {"uv": [11.5, 9.25, 11.25, 9.5], "texture": "#3"},
				"east": {"uv": [11.25, 9.25, 11.5, 9.5], "texture": "#3"},
				"south": {"uv": [11.25, 9.25, 11.5, 9.5], "texture": "#3"},
				"west": {"uv": [11.25, 9.25, 11.5, 9.5], "texture": "#3"},
				"up": {"uv": [11.25, 9.25, 11.5, 9.5], "texture": "#3"},
				"down": {"uv": [11.5, 9.25, 11.25, 9.5], "rotation": 180, "texture": "#3"}
			}
		},
		{
			"from": [8.875, 2.425, 7.275],
			"to": [9.375, 3.175, 7.775],
			"rotation": {"angle": 0, "axis": "y", "origin": [2.725, -7.575, 0]},
			"faces": {
				"north": {"uv": [10.25, 9.75, 9.75, 10.5], "texture": "#3"},
				"east": {"uv": [10, 9.75, 10.25, 10.5], "texture": "#3"},
				"south": {"uv": [9.75, 9.75, 10.25, 10.5], "texture": "#3"},
				"west": {"uv": [9.75, 9.75, 10, 10.5], "texture": "#3"},
				"up": {"uv": [9.75, 9.75, 10.25, 10], "texture": "#3"},
				"down": {"uv": [10.25, 10.25, 9.75, 10.5], "rotation": 180, "texture": "#3"}
			}
		},
		{
			"from": [9.375, 2.675, 7.275],
			"to": [9.875, 3.425, 7.775],
			"rotation": {"angle": 0, "axis": "y", "origin": [3.225, -7.325, 0]},
			"faces": {
				"north": {"uv": [10.75, 9.5, 10.25, 10.25], "texture": "#3"},
				"east": {"uv": [10.5, 9.5, 10.75, 10.25], "texture": "#3"},
				"south": {"uv": [10.25, 9.5, 10.75, 10.25], "texture": "#3"},
				"west": {"uv": [10.25, 9.5, 10.5, 10.25], "texture": "#3"},
				"up": {"uv": [10.25, 9.5, 10.75, 9.75], "texture": "#3"},
				"down": {"uv": [10.75, 10, 10.25, 10.25], "rotation": 180, "texture": "#3"}
			}
		},
		{
			"from": [6.625, 2.175, 7.275],
			"to": [6.875, 2.925, 7.775],
			"rotation": {"angle": 0, "axis": "y", "origin": [0.475, -7.575, 0]},
			"faces": {
				"north": {"uv": [7.75, 10, 7.5, 10.75], "texture": "#3"},
				"east": {"uv": [7.5, 10, 7.75, 10.75], "texture": "#3"},
				"south": {"uv": [7.5, 10, 7.75, 10.75], "texture": "#3"},
				"west": {"uv": [7.5, 10, 7.75, 10.75], "texture": "#3"},
				"up": {"uv": [7.5, 10, 7.75, 10.25], "texture": "#3"},
				"down": {"uv": [7.75, 10.5, 7.5, 10.75], "rotation": 180, "texture": "#3"}
			}
		},
		{
			"from": [4.875, 3.425, 7.275],
			"to": [5.125, 3.675, 7.775],
			"rotation": {"angle": 0, "axis": "y", "origin": [-1.275, -7.075, 0]},
			"faces": {
				"north": {"uv": [6, 9.25, 5.75, 9.5], "texture": "#3"},
				"east": {"uv": [5.75, 9.25, 6, 9.5], "texture": "#3"},
				"south": {"uv": [5.75, 9.25, 6, 9.5], "texture": "#3"},
				"west": {"uv": [5.75, 9.25, 6, 9.5], "texture": "#3"},
				"up": {"uv": [5.75, 9.25, 6, 9.5], "texture": "#3"},
				"down": {"uv": [6, 9.25, 5.75, 9.5], "rotation": 180, "texture": "#3"}
			}
		},
		{
			"from": [5.125, 3.175, 7.275],
			"to": [5.375, 3.675, 7.775],
			"rotation": {"angle": 0, "axis": "y", "origin": [-1.025, -7.075, 0]},
			"faces": {
				"north": {"uv": [6.25, 9.25, 6, 9.75], "texture": "#3"},
				"east": {"uv": [6, 9.25, 6.25, 9.75], "texture": "#3"},
				"south": {"uv": [6, 9.25, 6.25, 9.75], "texture": "#3"},
				"west": {"uv": [6, 9.25, 6.25, 9.75], "texture": "#3"},
				"up": {"uv": [6, 9.25, 6.25, 9.5], "texture": "#3"},
				"down": {"uv": [6.25, 9.5, 6, 9.75], "rotation": 180, "texture": "#3"}
			}
		},
		{
			"from": [5.375, 2.925, 7.275],
			"to": [5.625, 3.425, 7.775],
			"rotation": {"angle": 0, "axis": "y", "origin": [-0.775, -7.325, 0]},
			"faces": {
				"north": {"uv": [6.5, 9.5, 6.25, 10], "texture": "#3"},
				"east": {"uv": [6.25, 9.5, 6.5, 10], "texture": "#3"},
				"south": {"uv": [6.25, 9.5, 6.5, 10], "texture": "#3"},
				"west": {"uv": [6.25, 9.5, 6.5, 10], "texture": "#3"},
				"up": {"uv": [6.25, 9.5, 6.5, 9.75], "texture": "#3"},
				"down": {"uv": [6.5, 9.75, 6.25, 10], "rotation": 180, "texture": "#3"}
			}
		},
		{
			"from": [6.125, 2.425, 7.275],
			"to": [6.625, 3.175, 7.775],
			"rotation": {"angle": 0, "axis": "y", "origin": [-0.025, -7.575, 0]},
			"faces": {
				"north": {"uv": [7.5, 9.75, 7, 10.5], "texture": "#3"},
				"east": {"uv": [7.25, 9.75, 7.5, 10.5], "texture": "#3"},
				"south": {"uv": [7, 9.75, 7.5, 10.5], "texture": "#3"},
				"west": {"uv": [7, 9.75, 7.25, 10.5], "texture": "#3"},
				"up": {"uv": [7, 9.75, 7.5, 10], "texture": "#3"},
				"down": {"uv": [7.5, 10.25, 7, 10.5], "rotation": 180, "texture": "#3"}
			}
		},
		{
			"from": [5.625, 2.675, 7.275],
			"to": [6.125, 3.425, 7.775],
			"rotation": {"angle": 0, "axis": "y", "origin": [-0.525, -7.325, 0]},
			"faces": {
				"north": {"uv": [7, 9.5, 6.5, 10.25], "texture": "#3"},
				"east": {"uv": [6.75, 9.5, 7, 10.25], "texture": "#3"},
				"south": {"uv": [6.5, 9.5, 7, 10.25], "texture": "#3"},
				"west": {"uv": [6.5, 9.5, 6.75, 10.25], "texture": "#3"},
				"up": {"uv": [6.5, 9.5, 7, 9.75], "texture": "#3"},
				"down": {"uv": [7, 10, 6.5, 10.25], "rotation": 180, "texture": "#3"}
			}
		},
		{
			"from": [8.375, 2.175, 7.125],
			"to": [8.625, 2.925, 7.925],
			"rotation": {"angle": 0, "axis": "y", "origin": [1.475, -7.325, 0]},
			"faces": {
				"north": {"uv": [9.5, 10, 9.25, 10.75], "texture": "#3"},
				"east": {"uv": [9.25, 10, 9.5, 10.75], "texture": "#3"},
				"south": {"uv": [9.25, 10, 9.5, 10.75], "texture": "#3"},
				"west": {"uv": [9.25, 10, 9.5, 10.75], "texture": "#3"},
				"up": {"uv": [9.25, 10, 9.5, 10.25], "texture": "#3"},
				"down": {"uv": [9.5, 10.5, 9.25, 10.75], "rotation": 180, "texture": "#3"}
			}
		},
		{
			"from": [7.375, 2.925, 7.225],
			"to": [8.125, 3.675, 7.825],
			"rotation": {"angle": 0, "axis": "y", "origin": [0.975, -6.325, 0]},
			"faces": {
				"north": {"uv": [4.25, 15.25, 3.5, 16], "texture": "#3"},
				"east": {"uv": [4, 15.25, 4.25, 16], "texture": "#3"},
				"south": {"uv": [3.5, 15.25, 4.25, 16], "texture": "#3"},
				"west": {"uv": [3.5, 15.25, 3.75, 16], "texture": "#3"},
				"up": {"uv": [3.5, 15.25, 4.25, 15.5], "texture": "#3"},
				"down": {"uv": [4.25, 15.75, 3.5, 16], "rotation": 180, "texture": "#3"}
			}
		},
		{
			"from": [6.875, 4.925, 7.425],
			"to": [8.625, 15.175, 7.625],
			"rotation": {"angle": 0, "axis": "y", "origin": [0.975, -4.325, 0]},
			"faces": {
				"north": {"uv": [4.75, 3.75, 3, 14], "texture": "#3"},
				"east": {"uv": [4.5, 3.75, 4.75, 14], "texture": "#3"},
				"south": {"uv": [3, 3.75, 4.75, 14], "texture": "#3"},
				"west": {"uv": [3, 3.75, 3.25, 14], "texture": "#3"},
				"up": {"uv": [3, 3.75, 4.75, 4], "texture": "#3"},
				"down": {"uv": [4.75, 13.75, 3, 14], "rotation": 180, "texture": "#3"}
			}
		},
		{
			"from": [7.125, 3.675, 7.425],
			"to": [8.375, 4.925, 7.625],
			"rotation": {"angle": 0, "axis": "y", "origin": [0.725, -6.575, 0]},
			"faces": {
				"north": {"uv": [4.5, 14, 3.25, 15.25], "texture": "#3"},
				"east": {"uv": [4.25, 14, 4.5, 15.25], "texture": "#3"},
				"south": {"uv": [3.25, 14, 4.5, 15.25], "texture": "#3"},
				"west": {"uv": [3.25, 14, 3.5, 15.25], "texture": "#3"},
				"up": {"uv": [3.25, 14, 4.5, 14.25], "texture": "#3"},
				"down": {"uv": [4.5, 15, 3.25, 15.25], "rotation": 180, "texture": "#3"}
			}
		},
		{
			"from": [6.875, 2.925, 7.425],
			"to": [8.625, 3.675, 7.625],
			"rotation": {"angle": 0, "axis": "y", "origin": [0.975, -6.325, 0]},
			"faces": {
				"north": {"uv": [4.75, 15.25, 3, 16], "texture": "#3"},
				"east": {"uv": [4.5, 15.25, 4.75, 16], "texture": "#3"},
				"south": {"uv": [3, 15.25, 4.75, 16], "texture": "#3"},
				"west": {"uv": [3, 15.25, 3.25, 16], "texture": "#3"},
				"up": {"uv": [3, 15.25, 4.75, 15.5], "texture": "#3"},
				"down": {"uv": [4.75, 15.75, 3, 16], "rotation": 180, "texture": "#3"}
			}
		},
		{
			"from": [7.625, 3.675, 7.225],
			"to": [7.875, 4.925, 7.825],
			"rotation": {"angle": 0, "axis": "y", "origin": [0.725, -6.575, 0]},
			"faces": {
				"north": {"uv": [4, 14, 3.75, 15.25], "texture": "#3"},
				"east": {"uv": [3.75, 14, 4, 15.25], "texture": "#3"},
				"south": {"uv": [3.75, 14, 4, 15.25], "texture": "#3"},
				"west": {"uv": [3.75, 14, 4, 15.25], "texture": "#3"},
				"up": {"uv": [3.75, 14, 4, 14.25], "texture": "#3"},
				"down": {"uv": [4, 15, 3.75, 15.25], "rotation": 180, "texture": "#3"}
			}
		},
		{
			"from": [7.125, 15.175, 7.425],
			"to": [8.375, 16.675, 7.625],
			"rotation": {"angle": 0, "axis": "y", "origin": [0.725, 4.925, 0]},
			"faces": {
				"north": {"uv": [4.5, 2.25, 3.25, 3.75], "texture": "#3"},
				"east": {"uv": [4.25, 2.25, 4.5, 3.75], "texture": "#3"},
				"south": {"uv": [3.25, 2.25, 4.5, 3.75], "texture": "#3"},
				"west": {"uv": [3.25, 2.25, 3.5, 3.75], "texture": "#3"},
				"up": {"uv": [3.25, 2.25, 4.5, 2.5], "texture": "#3"},
				"down": {"uv": [4.5, 3.5, 3.25, 3.75], "rotation": 180, "texture": "#3"}
			}
		},
		{
			"from": [7.375, 16.675, 7.425],
			"to": [8.125, 17.675, 7.625],
			"rotation": {"angle": 0, "axis": "y", "origin": [0.725, 6.425, 0]},
			"faces": {
				"north": {"uv": [4.25, 1.25, 3.5, 2.25], "texture": "#3"},
				"east": {"uv": [4, 1.25, 4.25, 2.25], "texture": "#3"},
				"south": {"uv": [3.5, 1.25, 4.25, 2.25], "texture": "#3"},
				"west": {"uv": [3.5, 1.25, 3.75, 2.25], "texture": "#3"},
				"up": {"uv": [3.5, 1.25, 4.25, 1.5], "texture": "#3"},
				"down": {"uv": [4.25, 2, 3.5, 2.25], "rotation": 180, "texture": "#3"}
			}
		},
		{
			"from": [7.625, 17.675, 7.425],
			"to": [7.875, 18.425, 7.625],
			"rotation": {"angle": 0, "axis": "y", "origin": [0.725, 7.425, 0]},
			"faces": {
				"north": {"uv": [4, 0.5, 3.75, 1.25], "texture": "#3"},
				"east": {"uv": [3.75, 0.5, 4, 1.25], "texture": "#3"},
				"south": {"uv": [3.75, 0.5, 4, 1.25], "texture": "#3"},
				"west": {"uv": [3.75, 0.5, 4, 1.25], "texture": "#3"},
				"up": {"uv": [3.75, 0.5, 4, 0.75], "texture": "#3"},
				"down": {"uv": [4, 1, 3.75, 1.25], "rotation": 180, "texture": "#3"}
			}
		},
		{
			"from": [7.625, 15.175, 7.225],
			"to": [7.875, 16.675, 7.825],
			"rotation": {"angle": 0, "axis": "y", "origin": [0.725, 4.925, 0]},
			"faces": {
				"north": {"uv": [4, 2.25, 3.75, 3.75], "texture": "#3"},
				"east": {"uv": [3.75, 2.25, 4, 3.75], "texture": "#3"},
				"south": {"uv": [3.75, 2.25, 4, 3.75], "texture": "#3"},
				"west": {"uv": [3.75, 2.25, 4, 3.75], "texture": "#3"},
				"up": {"uv": [3.75, 2.25, 4, 2.5], "texture": "#3"},
				"down": {"uv": [4, 3.5, 3.75, 3.75], "rotation": 180, "texture": "#3"}
			}
		},
		{
			"from": [7.375, 4.925, 7.225],
			"to": [8.125, 15.175, 7.825],
			"rotation": {"angle": 0, "axis": "y", "origin": [0.975, -4.325, 0]},
			"faces": {
				"north": {"uv": [4.25, 3.75, 3.5, 14], "texture": "#3"},
				"east": {"uv": [4, 3.75, 4.25, 14], "texture": "#3"},
				"south": {"uv": [3.5, 3.75, 4.25, 14], "texture": "#3"},
				"west": {"uv": [3.5, 3.75, 3.75, 14], "texture": "#3"},
				"up": {"uv": [3.5, 3.75, 4.25, 4], "texture": "#3"},
				"down": {"uv": [4.25, 13.75, 3.5, 14], "rotation": 180, "texture": "#3"}
			}
		}
	],
	"gui_light": "front",
	"display": {
		"thirdperson_righthand": {
			"rotation": [0, -90, 0],
			"translation": [-0.95, 5.75, 1.5]
		},
		"thirdperson_lefthand": {
			"rotation": [0, 90, 0],
			"translation": [0, 5.75, 1.5]
		},
		"firstperson_righthand": {
			"rotation": [55, -90, 60],
			"translation": [-1, 6.75, 1.5],
			"scale": [0.85, 0.85, 0.85]
		},
		"firstperson_lefthand": {
			"rotation": [-65, 90, 60],
			"translation": [-1, 6.75, 1.5],
			"scale": [0.85, 0.85, 0.85]
		},
		"ground": {
			"rotation": [-45, 90, 0],
			"translation": [0, 1, 0],
			"scale": [0.45, 0.45, 0.45]
		},
		"gui": {
			"rotation": [0, 0, -45],
			"translation": [0.5, 0, 0]
		},
		"head": {
			"translation": [0, 9.75, 0]
		},
		"fixed": {
			"rotation": [180, 0, 135],
			"translation": [-1, 0.5, 0],
			"scale": [1.2, 1.2, 1.2]
		}
	}
}